scale,dataset,model,size,access_kind,access,role,produced_here,paper,first_author,pub_year,leap_year,ml_tasks,testbed_candidate,dataset_id
DNS,"Coarse-grained DNS convective boundary layer and channel flow datasets (Sh2, Sh5, Sh20, Channel1)",Direct Numerical Simulation (DNS),,public_url_or_doi,https://doi.org/10.7916/d8-y850-6w35,both,False,Deep Learning for Subgrid-Scale Turbulence Modeling in Large-Eddy Simulations of the Convective Atmospheric Boundary Layer,Yu Cheng,2022,1,parameterization,True,e114a41a0632-01
DNS,Kolmogorov flow synthetic simulation dataset,jax-cfd Navier-Stokes solver,8196 independent trajectories – each of length 64 and discarding the first half for warm-ups,public_url_or_doi,Synthetic data is generated according to the script provided in https://github.com/juannat7/cohesion.,both,True,Generative emulation of chaotic dynamics with coherent prior,Juan Nathaniel,2026,5,"emulation, forecasting, uncertainty_quantification",True,a3f77201a4b0-01
DNS,Fine-resolution reference simulations in an idealized multiscale plant canopy environment,Navier-Stokes solver,,not_stated,,evaluation,True,Canopy flow modeling using multiscale homogenization techniques,Jaeyoung Jung,2023,3,"parameterization, emulation",False,c12ada1cad6b-02
DNS,DNS of turbulent open-channel flow at Re_tau = 250,Pseudospectral collocation / finite-difference DNS solver (Albertson & Parlange 1999),6×10^3 instantaneous snapshots,on_request,Scripts and datasets generated as part of this study are available from the corresponding author on reasonable request.,both,True,Physics-informed data-driven reconstruction of turbulent wall-bounded flows from planar measurements,Gurpreet S. Hora,,4,reconstruction_gapfilling,False,99741af201b2-01
DNS,Microscopic unit cell stationary Navier-Stokes simulations,stationary Navier-Stokes solver,,not_stated,,training,True,Canopy flow modeling using multiscale homogenization techniques,Jaeyoung Jung,2023,3,"parameterization, emulation",False,c12ada1cad6b-01
LES,CM1 LES ICEBall cirrus cloud supercrystal trajectories,CM1 with Lagrangian microphysics,,not_stated,,both,False,Clustering the Latent Dimensions of a Variational Autoencoder to Identify Representative Trajectories of Ice Crystals in Cirrus Clouds Modeled By Lagrangian Microphysics,,2025,4,clustering_dimensionality_reduction,False,903d7cbc6583-01
LES,CM1 LES particle-based Lagrangian cirrus cloud simulations (ICEBall case),CM1 with particle-based Lagrangian superparticle microphysics,,not_stated,,both,True,A Golden Spiral of Thermodynamic Histories: Characterizing Trajectories of Ice Crystals in Cirrus Clouds as Modeled by Particle-based Microphysics in CM1,Patrick Obin Sturm,2025,4,clustering_dimensionality_reduction,False,2449ffc9b180-01
LES,CM1 bin microphysics (TAU) LES ensemble simulations of marine stratocumulus,CM1 with TAU bin microphysics,135 marine stratocumulus cases,not_stated,,both,True,The death of autoconversion c. 1963 - 20??,Kaitlyn Loftus,2024,4,"parameter_calibration, uncertainty_quantification",False,1c4c83a9ce2e-02
LES,Cloud Botany shallow cumulus scenes,DALES LES,,public_url_or_doi,https://howto.eurec4a.eu/botany_dales.html,forcing_or_input,False,Cloud geometry and solar zenith angle control 3D radiative effects,Margaret Powell,2026,5,none,True,db84b215c346-01
LES,Monte Carlo ray tracer 1D and 3D surface flux dataset,GPU-enabled Monte Carlo ray tracer (Veerman et al. 2022 / rte-rrtmgp-cpp),"9,348 paired 1D and 3D estimates of surface flux across 228 unique cloud scenes",public_url_or_doi,https://doi.org/10.5281/zenodo.18164866,both,True,Cloud geometry and solar zenith angle control 3D radiative effects,Margaret Powell,2026,5,none,True,db84b215c346-04
LES,CGILS LES intercomparison baseline and single-LES CCF sensitivity data,Large Eddy Simulation (SAM LES / CGILS),,not_stated,,reference_only,False,Resolving Low Cloud Feedbacks Globally With E3SM High-Res MMF: Agreement With LES but Stronger Shortwave Effects,Liran Peng,2025,5,none,True,778b60ffcdee-03
LES,Coarse-grained LES dry convective boundary layer simulation suite,Large Eddy Simulation code (Albertson 1996; Bou-Zeid et al. 2005; Kumar et al. 2006),"600k samples across 6 simulations, 5 scalars, and 20k samples each",public_url_or_doi,https://doi.org/10.5281/zenodo.8039033,both,True,Learning Atmospheric Boundary Layer Turbulence,Sara Shamekh,2023,3,"parameterization, clustering_dimensionality_reduction, interpretability_xai",True,494584d3acc0-01
LES,EAGLES / PINACLES stratocumulus scenes,LES,,public_url_or_doi,https://data.pnnl.gov/group/nodes/dataset/33986,forcing_or_input,False,Cloud geometry and solar zenith angle control 3D radiative effects,Margaret Powell,2026,5,none,True,db84b215c346-02
LES,"LES simulations with bin microphysics, Lagrangian super droplet microphysics, and BOSS",LES,,not_stated,,both,True,Parameterizing Cloud Microphysics with Machine Learning-Enabled Bayesian Parameter Inference,Kaitlyn Loftus,2024,3,"emulation, parameter_calibration, uncertainty_quantification",False,a5b5446f7e93-01
LES,TRMM LBA deep convection scenes,LES,,public_url_or_doi,https://data.caltech.edu/records/ywa3k-94m65,forcing_or_input,False,Cloud geometry and solar zenith angle control 3D radiative effects,Margaret Powell,2026,5,none,True,db84b215c346-03
LES,A posteriori (online) LES simulation outputs,"LES solver (Kumar et al., 2006; Li et al., 2018)",,public_url_or_doi,https://doi.org/10.7916/d8-y850-6w35,evaluation,True,Deep Learning for Subgrid-Scale Turbulence Modeling in Large-Eddy Simulations of the Convective Atmospheric Boundary Layer,Yu Cheng,2022,1,parameterization,True,e114a41a0632-02
LES,LES bin and Lagrangian super droplet microphysics benchmark simulations,LES with bin microphysics or Lagrangian super droplet microphysics,,not_stated,,reference_only,True,Parameterizing Cloud Microphysics with Machine Learning-Enabled Bayesian Parameter Inference,Kaitlyn Loftus,2023,3,"emulation, parameter_calibration, uncertainty_quantification",False,30c9d9a843b6-01
LES,LES BOSS microphysics simulation ensemble,LES with BOSS bulk microphysics,,not_stated,,training,True,Parameterizing Cloud Microphysics with Machine Learning-Enabled Bayesian Parameter Inference,Kaitlyn Loftus,2023,3,"emulation, parameter_calibration, uncertainty_quantification",False,30c9d9a843b6-02
LES,High-resolution and coarse-grained rising thermal bubble simulations (LEX / CM1),LEX v1.6.0 and CM1,,public_url_or_doi,"Related data used in this study to produce the figures can be accessed from Zenodo under https://doi.org/10.5281/zenodo.15730773 (Zhu et al., 2025b). The data and scaling parameters used for model training are provided on Zenodo under https://doi.org/10.5281/zenodo.18411485 (Zhu et al., 2026).",both,True,LEX v1.6.0: a new large-eddy simulation model in JAX with GPU acceleration and automatic differentiation,Xingyu Zhu,2026,5,parameterization,True,e05df4a965f6-01
LES,CM1 bulk large eddy simulations perturbed parameter ensemble,NCAR Cloud Model 1 (CM1),O(100) simulations,not_stated,,training,True,Exploring Parametric and Structural Uncertainties of Bulk and Lagrangian Ice Microphysical Schemes in Large Eddy Simulations,Joseph Ko,2025,4,"parameter_calibration, clustering_dimensionality_reduction, uncertainty_quantification",False,195230d140fe-01
LES,CM1 Lagrangian superdroplet cirrus cloud simulations,NCAR Cloud Model 1 (CM1) with Lagrangian superdroplet microphysics,,not_stated,,evaluation,True,Exploring Parametric and Structural Uncertainties of Bulk and Lagrangian Ice Microphysical Schemes in Large Eddy Simulations,Joseph Ko,2025,4,"parameter_calibration, clustering_dimensionality_reduction, uncertainty_quantification",False,195230d140fe-02
LES,ICEBall cirrus LES simulations ensemble,NCAR CM1,100 member ensemble; domain: 12.8 km (W) x 12.8 km (L) x 14 km (H),not_stated,,both,True,Improving Representations of Ice Crystals in Atmospheric Models: Insights from in situ Imagery and Machine Learning,Joseph Ko,2024,4,"clustering_dimensionality_reduction, classification_detection, parameterization",False,7d39855f3451-03
LES,PINACLES LES trade cumuli (ATEX) bin microphysics simulations,PINACLES with Fast Spectral Bin Microphysics version 2 (FSBMv2),,not_stated,,both,True,Understanding and Visualizing Droplet Distributions in Simulations of Shallow Clouds,Justus C. Will,2023,3,"clustering_dimensionality_reduction, interpretability_xai",False,c846a2323199-01
LES,PINACLES LES simulations,Predicting INteractions of Aerosol and Clouds in Large Eddy Simulations (PINACLES),,not_stated,,both,False,Leveraging Subgrid-Scale Spatial Organization and Variability for Improved Cloud Fraction Parametrization Using PINACLES Simulations,Margaret Powell,2024,4,parameterization,False,a4d0f7df7f2c-01
CRM,HR-MMF 5-year global climate simulations (0 K control and +4 K warmed),E3SM-MMF (HR-MMF configuration with embedded 2D SAM CRM),,public_url_or_doi,https://doi.org/10.5281/zenodo.14806047,both,True,Resolving Low Cloud Feedbacks Globally With E3SM High-Res MMF: Agreement With LES but Stronger Shortwave Effects,Liran Peng,2025,5,none,True,778b60ffcdee-01
CRM,DYAMOND (Summer and Winter) coarse-grained ICON simulations,ICON,several TB,hpc_only,DYAMOND data management was provided by the German Climate Computing Center (DKRZ) and supported through the projects ESiWACE and ESiWACE2. The coarse-grained model output used to train and evaluate the neural networks amounts to several TB and can be reconstructed with the scripts provided in the GitHub repository.,both,False,Data-Driven Equation Discovery of a Cloud Cover Parameterization,Arthur Grundner,2024,2,"parameterization, equation_discovery, interpretability_xai",True,17a61548389e-01
CRM,QUBICC high-resolution ICON simulation (coarse-grained),ICON (version icon-2024.10),"40 d evenly distributed across four months: November 2004, January, April, July 2005; 2.3 million training samples, 260k validation samples, 1.9 million test samples for shortwave and 4.2 million test samples for longwave radiation",public_url_or_doi,https://doi.org/10.5281/zenodo.18853569,both,True,Representing subgrid-scale cloud effects in a radiation parameterization using machine learning: MLe-radiation v1.0,Katharina Hafner,2026,5,parameterization,True,d3f424c93cff-01
CRM,ICON NARVAL storm-resolving simulations (NARVALI and NARVALII),ICON SRM (NWP physics package),several TB,on_request,Primary data used in this work is archived by the Max Planck Institute for Meteorology (contact: marco.giorgetta@mpimet.mpg.de).,both,False,Deep Learning Based Cloud Cover Parameterization for ICON,Arthur Grundner,2022,1,"parameterization, interpretability_xai",True,3dbcadb5b5cc-01
CRM,"ICON QUBICC storm-resolving simulations (hc2, hc3, hc4)",ICON SRM (Sapphire physics package),several TB,on_request,Primary data used in this work is archived by the Max Planck Institute for Meteorology (contact: marco.giorgetta@mpimet.mpg.de).,both,False,Deep Learning Based Cloud Cover Parameterization for ICON,Arthur Grundner,2022,1,"parameterization, interpretability_xai",True,3dbcadb5b5cc-02
CRM,"DYAMOND II simulation outputs (ICON, IFS, NICAM, UM, SHIELD, GEM, SAM, ARPEGE)","ICON, IFS, NICAM, UM, SHIELD, GEM, SAM, ARPEGE","285,000 randomly selected samples from each model (160,000 for training, 125,000 for testing); nearly two petabytes per GSRM for original 40 days",public_url_or_doi,Instructions for acquiring DYAMOND simulation data used to train our models can be found here. Compressed data used for main text and SI figures is publically available at 10.5281/zenodo.8024093.,both,False,Comparing Storm Resolving Models and Climates via Unsupervised Machine Learning,Griffin Mooers,2023,2,"clustering_dimensionality_reduction, interpretability_xai",False,a289dbb4d9dd-01
CRM,DYAMOND Initiative global storm-resolving models,"ICON, IFS, NICAM, UM, SHIELD, GEM, SAM, ARPEGE","nearly 2 PBytes per SRM; 125,000 samples extracted per model across 15S-15N",hpc_only,DYAMOND data management provided by the German Climate Computing Center (DKRZ) under project IDs bk1040 and bb1153,evaluation,False,Improving The Modeling and Analysis of Tropical Convection and Precipitation through Machine Learning Methods,Griffin Mooers,2023,3,"parameterization, emulation, clustering_dimensionality_reduction, classification_detection, interpretability_xai",True,a74eeb28cd14-04
CRM,SAM-DYAMOND coarse-grained tropical precipitation dataset,SAM (System for Atmospheric Modeling),approximately 10^8 samples,public_url_or_doi,https://github.com/Sshamekh/Precip-org and DKRZ DYAMOND initiative (https://www.esiwace.eu/services/dyamond-initiative),both,False,Distilling Machine Learning’s Added Value: Pareto Fronts in Atmospheric Applications,Tom Beucler,2025,4,"parameterization, emulation, equation_discovery, interpretability_xai",True,22396cba1b19-03
CRM,"SAM quasi-global aquaplanet hypohydrostatic simulations (-4K, +0K)",SAM 6.3 (System for Atmospheric Modeling),several TB,public_url_or_doi,"The initial sounding, meridional surface temperature profile, and source code to re-run the simulation can be found at https://zenodo.org/record/4118346#.YaT_WtBKg-w. The output from the SAM simulations, which is several TB, is archived at MIT and is available upon request. Paper accompanying data: https://doi.org/10.5281/zenodo.8140536",both,False,Climate-Invariant Machine Learning,Tom Beucler,2024,1,"parameterization, interpretability_xai",True,d606ef6024cb-03
CRM,SPCAM Control and +4K Warmed simulations,SPCAM (Super Parameterized Community Atmospheric Model),"3.4 Terabytes of data, with 76,944,384 samples",not_stated,,both,True,An Unsupervised Learning Perspective on the Dynamic Contribution to Extreme Precipitation Changes,Griffin Mooers,2022,2,"clustering_dimensionality_reduction, interpretability_xai",False,1dc1d9ed975c-01
CRM,SPCAM aquaplanet simulations,SPCAM v3.0 (embedded 2D CRM),around 140 million training samples,public_url_or_doi,https://gitlab.com/mspritch/spcam3.0-neural-net,both,True,Deep learning to represent sub-grid processes in climate models,Stephan Rasp,2018,1,parameterization,True,0ab262982a54-01
CRM,SPCAM Control (0K) and Warmed (+4K) simulations,SPCAM5 / UltraCAM-spcam2_0_cesm1_1_1,"3.4 Terabytes of data over 90 days, with 76,944,384 samples",public_url_or_doi,"The codebase for running the “SPCAM5” simulations is the same employed by [31], which is archived at https://github.com/mspritch/UltraCAM-spcam2_0_cesm1_1_1; this code was in turn forked from a development version of the CESM1.1.1 located on the NCAR central subversion repository under tag spcam_cam5_2_00_forCESM1_1_1Rel_V09, which dates to February 25, 2013.",both,True,Understanding Precipitation Changes through Unsupervised Machine Learning,Griffin Mooers,2023,3,"clustering_dimensionality_reduction, interpretability_xai",False,7cc314e993c8-01
CRM,SPCAM aquaplanet 2-year simulation,SuperParameterized Community Atmosphere Model v3.0 (SPCAM),order of 1 TB,on_request,"The full SPCAM raw data, of the order of several TBs, is archived on the GreenPlanet cluster at UC Irvine and available upon request. Additionally the preprocessed SPCAM data, of the order of 1 TB, used in this study is archived on DKRZ and is also available upon request. An example of SPCAM data was archived on Zenodo for Rasp et al. (2018) and can be found here: https://zenodo.org/record/2559313#.YlVG0tPP25c.",both,False,Non-Linear Dimensionality Reduction With a Variational Encoder Decoder to Understand Convective Processes in Climate Models,Gunnar Behrens,2022,2,"parameterization, clustering_dimensionality_reduction, interpretability_xai, emulation",True,c4f36a0b7a77-01
CRM,SAM DYAMOND Phase 2 simulation,System for Atmospheric Modeling (SAM),"10 d randomly selected from 40 d (last 30 d after 10 d spin-up), tropical ocean (20° S - 20° N), total number of samples on the order of 10^8",public_url_or_doi,https://www.esiwace.eu/services/dyamond-initiative,both,False,Implicit learning of convective organization explains precipitation stochasticity,Sara Shamekh,2023,2,"parameterization, clustering_dimensionality_reduction, interpretability_xai",True,f944e0338f4e-01
